{
	"schemes": [
		{
			"name": "Ocean Green",
			"background": "#0D1617",
			"black": "#035779",
			"blue": "#2A99B5",
			"brightBlack": "#0B5B7A",
			"brightBlue": "#2DA5C4",
			"brightCyan": "#38C9C9",
			"brightGreen": "#6FCC6F",
			"brightPurple": "#B776C6",
			"brightRed": "#C96E6E",
			"brightWhite": "#ADD0D9",
			"brightYellow": "#CBC36F",
			"cursorColor": "#19D08A",
			"cyan": "#34BBBB",
			"foreground": "#5D8792",
			"green": "#66BB66",
			"purple": "#AA6EB8",
			"red": "#BB6666",
			"selectionBackground": "#76C8CD",
			"white": "#A1C3CB",
			"yellow": "#BBB466"
		}
	]
}